metric,value
test_acc,0.7157816005983545
test_f1,0.7302284929325724
